anio,n,logloss_modelo,logloss_mercado
2014,61,0.9888137393847176,0.943316602555698
2018,64,1.054472485945855,0.9454357865034472
2022,64,1.0345889314371417,0.9984239302525438
2026,77,0.898445684983727,0.8350380467309204
