anio,n,logloss_modelo,logloss_mercado
2014,61,0.9924205348620195,0.943316602555698
2018,64,1.072210814272128,0.9454357865034472
2022,64,1.0358176774139307,0.9984239302525438
2026,77,0.9123935592947962,0.8350380467309204
