familia,rmse_medio,rmse_std,logloss_medio,veces_gana
xgboost,1.2200964350930201,0.07476739443037875,0.9970729612740186,3
lightgbm,1.2292807372334442,0.08716468478246672,1.008738288316947,1
glm,1.2582926325335748,0.0587723856137383,1.0216461613930716,1
